hsi_return,trade_date
,
,2019-01-02
-0.0026259178802026106,2019-01-03
0.022409107429062214,2019-01-04
0.008181912205203368,2019-01-07
0.0015385687711966245,2019-01-08
0.02268061469343441,2019-01-09
0.00223371852135279,2019-01-10
0.005498943513544408,2019-01-11
-0.013834916720388613,2019-01-14
0.02022786172333757,2019-01-15
0.002676473097539933,2019-01-16
-0.005444509987204027,2019-01-17
0.012527444755897177,2019-01-18
0.0039027446388899545,2019-01-21
-0.007026255925831504,2019-01-22
0.00010183129996188534,2019-01-23
0.004175815243605774,2019-01-24
0.01652628248051169,2019-01-25
0.0002818902016765712,2019-01-28
-0.0016419956536408709,2019-01-29
0.004037891009079031,2019-01-30
0.010839008929397265,2019-01-31
-0.00041980785717310454,2019-02-01
0.0021292204440686024,2019-02-04
-0.001568070533587762,2019-02-08
0.007067818912876778,2019-02-11
0.0009767762511305733,2019-02-12
0.011581269493496249,2019-02-13
-0.0022998107159006853,2019-02-14
-0.01868352520847061,2019-02-15
0.015991272104124432,2019-02-18
-0.00419370181309775,2019-02-19
0.010128900255542028,2019-02-20
0.004063580496293184,2019-02-21
0.006510002818156391,2019-02-22
0.004962469023541249,2019-02-25
-0.0064656338144818415,2019-02-26
-0.0005081698520055244,2019-02-27
-0.004320960697058784,2019-02-28
0.006251147666046286,2019-03-01
0.005116585188645439,2019-03-04
6.939896717605976e-05,2019-03-05
0.0026241644461999503,2019-03-06
-0.008890211108966928,2019-03-07
-0.019146624130527146,2019-03-08
0.009737734529093656,2019-03-11
0.014649824684504154,2019-03-12
-0.003921732826337454,2019-03-13
0.0015253487358888318,2019-03-14
0.005575784637763981,2019-03-15
0.013675253262073861,2019-03-18
0.0019473464664878648,2019-03-19
-0.004931351945931306,2019-03-20
-0.008506203930807033,2019-03-21
0.001437791000507227,2019-03-22
-0.02026594588502384,2019-03-25
0.0015271890388597331,2019-03-26
0.005647787697988127,2019-03-27
0.0016346605693002836,2019-03-28
0.009596747634615044,2019-03-29
0.01757784032266141,2019-04-01
0.002119286558172062,2019-04-02
0.01221011758372037,2019-04-03
-0.0016697678999171295,2019-04-04
0.004704321595135896,2019-04-08
0.0026711255124436395,2019-04-09
-0.0012577202945345256,2019-04-10
-0.009299980578702738,2019-04-11
0.002356295062940328,2019-04-12
-0.003311262386461067,2019-04-15
0.010705827634235776,2019-04-16
-0.00017223616540718023,2019-04-17
-0.005358394630233354,2019-04-18
-6.518399584543033e-07,2019-04-23
-0.005253442385360296,2019-04-24
-0.008589906612361142,2019-04-25
0.0018683369401946148,2019-04-26
0.009721354038672692,2019-04-29
-0.0064798581441934955,2019-04-30
0.008251773122405215,2019-05-02
0.004587572449257893,2019-05-03
-0.028978907207581672,2019-05-06
0.00524478470291867,2019-05-07
-0.012254199950963995,2019-05-08
-0.02386388139562734,2019-05-09
0.00844792935184091,2019-05-10
-0.014998847631741308,2019-05-14
0.005216247221754289,2019-05-15
0.00022496161972362927,2019-05-16
-0.011621876492902139,2019-05-17
-0.005684138784344039,2019-05-20
-0.004691628519230995,2019-05-21
0.0017608126601682539,2019-05-22
-0.01583806946854882,2019-05-23
0.003183276912141819,2019-05-24
-0.002406961065637536,2019-05-27
0.003764305369601706,2019-05-28
-0.005662468772494766,2019-05-29
-0.004436457649380943,2019-05-30
-0.007884637839044029,2019-05-31
-0.00026877977033634703,2019-06-03
-0.004920820098918921,2019-06-04
0.005004197228734242,2019-06-05
0.0025967169590859207,2019-06-06
0.022746336923574306,2019-06-10
0.007639942142724898,2019-06-11
-0.017304437923096327,2019-06-12
-0.0005035069545468174,2019-06-13
-0.006461373726537545,2019-06-14
0.0040124324836265934,2019-06-17
0.009975677721852039,2019-06-18
0.02557827516430078,2019-06-19
0.01234973852272958,2019-06-20
-0.0026871311864560266,2019-06-21
0.0013798363896522226,2019-06-24
-0.011469137980920974,2019-06-25
0.0012772307154584883,2019-06-26
0.014153487689047672,2019-06-27
-0.0027532100596369125,2019-06-28
0.011664711097802538,2019-07-02
-0.0007071697133584909,2019-07-03
-0.002057556901960189,2019-07-04
-0.0007271711597176544,2019-07-05
-0.015400286423824294,2019-07-08
-0.007603152526657442,2019-07-09
0.0031444472192245776,2019-07-10
0.00805225416512556,2019-07-11
0.0014004867184234104,2019-07-12
0.0029243759667745284,2019-07-15
0.0022671529105240396,2019-07-16
-0.000924163896802388,2019-07-17
-0.004599341940201951,2019-07-18
0.010671908550222042,2019-07-19
-0.013701899492018055,2019-07-22
0.003356238105449716,2019-07-23
0.002021977877215475,2019-07-24
0.0024632457765201288,2019-07-25
-0.006874116222624682,2019-07-26
-0.010258917636423392,2019-07-29
0.0014263594506425115,2019-07-30
-0.013101096051018724,2019-07-31
-0.007633835758835805,2019-08-01
-0.023475520627636914,2019-08-02
-0.028502980595492167,2019-08-05
-0.006694884848368998,2019-08-06
0.0008003106805460902,2019-08-07
0.004759783626118841,2019-08-08
-0.006947297237276939,2019-08-09
-0.004417238501965404,2019-08-12
-0.021042625324859454,2019-08-13
0.0008298036484166715,2019-08-14
0.00763495013071247,2019-08-15
0.009364795020192052,2019-08-16
0.021668390391836656,2019-08-19
-0.0022935169850555326,2019-08-20
0.0014676988608357533,2019-08-21
-0.008424744205688173,2019-08-22
0.005014041821421733,2019-08-23
-0.01906083916245649,2019-08-26
-0.0006331603050091505,2019-08-27
-0.0018933023155852657,2019-08-28
0.0034361850583821685,2019-08-29
0.0008259757912345567,2019-08-30
-0.0038165487338833737,2019-09-02
-0.0038515199613682327,2019-09-03
0.038991958766846135,2019-09-04
-0.0002903557273716828,2019-09-05
0.006608597806518235,2019-09-06
-0.00035065974450276816,2019-09-09
8.542643345665901e-05,2019-09-10
0.017815416199801426,2019-09-11
-0.0026300500113660696,2019-09-12
0.009785226147168258,2019-09-13
-0.008340630352491218,2019-09-16
-0.01232501690336174,2019-09-17
-0.0013482930139481208,2019-09-18
-0.010658916497160331,2019-09-19
-0.0012572957316879796,2019-09-20
-0.008067491078541655,2019-09-23
0.002234715682090993,2019-09-24
-0.012771598897492464,2019-09-25
0.0037224427336335353,2019-09-26
-0.003345341212053765,2019-09-27
0.005296088912949193,2019-09-30
-0.001900182660064087,2019-10-02
0.002596548020576517,2019-10-03
-0.011079196070098885,2019-10-04
0.0028027966243298064,2019-10-08
-0.0081329543657096,2019-10-09
0.000978052638715532,2019-10-10
0.023358931385166537,2019-10-11
0.008111851583984864,2019-10-14
-0.0006756663708954447,2019-10-15
0.006050031495919095,2019-10-16
0.006908528651722756,2019-10-17
-0.0048013931183717995,2019-10-18
0.0002282823815780155,2019-10-21
0.002264471173704319,2019-10-22
-0.008193351666195836,2019-10-23
0.008703319750692717,2019-10-24
-0.004871962129798013,2019-10-25
0.008394864865973295,2019-10-28
-0.0038860209938391677,2019-10-29
-0.004444316116119951,2019-10-30
0.008962515237440405,2019-10-31
0.007211546313685924,2019-11-01
0.01647706630687895,2019-11-04
0.0049405787687060165,2019-11-05
0.00018929157188263268,2019-11-06
0.0057276139301258855,2019-11-07
-0.007041628213981688,2019-11-08
-0.026204699964343714,2019-11-11
0.005152108665978927,2019-11-12
-0.018245455883103223,2019-11-13
-0.009324721924691914,2019-11-14
0.00011285284041551158,2019-11-15
0.013462766845336427,2019-11-18
0.01546829383345738,2019-11-19
-0.007536462229814189,2019-11-20
-0.015720887192136823,2019-11-21
0.004843759996924213,2019-11-22
0.014963631739628669,2019-11-25
-0.002931094214393859,2019-11-26
0.0014891951169262452,2019-11-27
-0.002236014367069772,2019-11-28
-0.020348245663088016,2019-11-29
0.003728408143785167,2019-12-02
-0.0020200599762313365,2019-12-03
-0.01245638618194056,2019-12-04
0.005927219443659926,2019-12-05
0.010730810502830757,2019-12-06
-0.0001373168233747002,2019-12-09
-0.002193316448096727,2019-12-10
0.007898534444373162,2019-12-11
0.013087082534968042,2019-12-12
0.025695174010563537,2019-12-13
-0.0064891462290880275,2019-12-16
0.012200814220703071,2019-12-17
0.0014545474951563886,2019-12-18
-0.003002441177649029,2019-12-19
0.0025488534339723756,2019-12-20
0.0012579422010912111,2019-12-23
-0.0015121693730481,2019-12-24
0.012963187265025988,2019-12-27
0.003329293359854324,2019-12-30
-0.0045778041878328235,2019-12-31
0.012549580299576979,2020-01-02
-0.003223832686409134,2020-01-03
-0.007919109603184316,2020-01-06
0.003396529804676973,2020-01-07
-0.008267075928761636,2020-01-08
0.016842830634694383,2020-01-09
0.002702959236371205,2020-01-10
0.011060061142658117,2020-01-13
-0.002410601764096132,2020-01-14
-0.0038618742660180283,2020-01-15
0.003803808261129138,2020-01-16
0.006002860675423438,2020-01-17
-0.008965652558898918,2020-01-20
-0.028149139017544456,2020-01-21
0.012710551684828708,2020-01-22
-0.015240087737167785,2020-01-23
0.0014519083949164902,2020-01-24
-0.028229692689474395,2020-01-29
-0.026196004197539202,2020-01-30
-0.005160850113591464,2020-01-31
0.0016854874608327464,2020-02-03
0.012103055597670664,2020-02-04
0.0041520410376201244,2020-02-05
0.026392124543312967,2020-02-06
-0.0032527339005371525,2020-02-07
-0.005945412531948913,2020-02-10
0.012574308664321743,2020-02-11
0.008692732472903808,2020-02-12
-0.003366205442563275,2020-02-13
0.0030868953975837776,2020-02-14
0.005176951136133923,2020-02-17
-0.015357887688814409,2020-02-18
0.004562674142926326,2020-02-19
-0.0016868205886040322,2020-02-20
-0.010878621721023607,2020-02-21
-0.017867116059942623,2020-02-24
0.002697510561056493,2020-02-25
-0.007315604371278983,2020-02-26
0.003076393395872179,2020-02-27
-0.024224156209044168,2020-02-28
0.006190219489085713,2020-03-02
-0.00026089527491324205,2020-03-03
-0.002387309452907216,2020-03-04
0.0208144826712946,2020-03-05
-0.023206898370824014,2020-03-06
-0.04230783452272502,2020-03-09
0.014059199189811133,2020-03-10
-0.0063365296345310185,2020-03-11
-0.036562830725101136,2020-03-12
-0.011360375065762818,2020-03-13
-0.040333852098969114,2020-03-16
0.008678628396988408,2020-03-17
-0.04177791509214568,2020-03-18
-0.026139159788501454,2020-03-19
0.050482880232477045,2020-03-20
-0.04862688156313921,2020-03-23
0.044586722917095534,2020-03-24
0.03810971786860873,2020-03-25
-0.007431810319858512,2020-03-26
0.005649945744529372,2020-03-27
-0.01316497380935766,2020-03-30
0.01848410235388598,2020-03-31
-0.021932841935552783,2020-04-01
0.00841519793189871,2020-04-02
-0.001887932026057415,2020-04-03
0.02207812664959108,2020-04-06
0.021228994595112072,2020-04-07
-0.011665218731608862,2020-04-08
0.013765367381880722,2020-04-09
0.0055583735721183025,2020-04-14
-0.011870505178473989,2020-04-15
-0.0057522745962075295,2020-04-16
0.015560434525162536,2020-04-17
-0.0020500602440525206,2020-04-20
-0.022049663762536142,2020-04-21
0.004194775074456425,2020-04-22
0.003513986299802152,2020-04-23
-0.006088680155759141,2020-04-24
0.018832794703597555,2020-04-27
0.012183632585530013,2020-04-28
0.002751831613908795,2020-04-29
-0.04178729921368052,2020-05-04
0.010792814649404736,2020-05-05
0.011262480203758196,2020-05-06
-0.006498176542413692,2020-05-07
0.010405858960230274,2020-05-08
0.015348246677554522,2020-05-11
-0.014485813442169926,2020-05-12
-0.002696517775235052,2020-05-13
-0.014497774450631828,2020-05-14
-0.0013541705000816862,2020-05-15
0.005769471463493492,2020-05-18
0.018941537228218452,2020-05-19
0.00048459471712480884,2020-05-20
-0.004914761125111244,2020-05-21
-0.055596665694663705,2020-05-22
0.0009637799321171592,2020-05-25
0.018839987620353327,2020-05-26
-0.0035621976412488765,2020-05-27
-0.00723561259502703,2020-05-28
-0.007404609922700756,2020-05-29
0.0335801150585735,2020-06-01
0.011099534608120187,2020-06-02
0.013738978136030644,2020-06-03
0.001672378424977472,2020-06-04
0.01658476510767537,2020-06-05
0.0002567327290863286,2020-06-08
0.011319117753477714,2020-06-09
-0.0002989251866255538,2020-06-10
-0.022737972324115896,2020-06-11
-0.00730263206709969,2020-06-12
-0.02158032268453114,2020-06-15
0.02385253969221446,2020-06-16
0.005640807004138493,2020-06-17
-0.0006727840847352562,2020-06-18
0.0073145969650925124,2020-06-19
-0.005378646710740287,2020-06-22
0.01615578758747338,2020-06-23
-0.005049104658061521,2020-06-24
-0.009345241224324785,2020-06-26
-0.010130795781407409,2020-06-29
0.005181215141467632,2020-06-30
0.028533777958267503,2020-07-02
0.009907968890476404,2020-07-03
0.038073403993845956,2020-07-06
-0.013800743753545452,2020-07-07
0.0059101301112864935,2020-07-08
0.003099235020712854,2020-07-09
-0.01841842999516674,2020-07-10
0.001737795763486094,2020-07-13
-0.011416543359106357,2020-07-14
0.00014480999150601193,2020-07-15
-0.020049409158837128,2020-07-16
0.004744781635781958,2020-07-17
-0.0012427548458993076,2020-07-20
0.023053322172763124,2020-07-21
-0.02253582313089575,2020-07-22
0.008183456076210849,2020-07-23
-0.02207457237362942,2020-07-24
-0.00413150976640364,2020-07-27
0.00688933099169331,2020-07-28
0.004455735268065197,2020-07-29
-0.006934445448443016,2020-07-30
-0.004663597069260117,2020-07-31
-0.0055790526330918855,2020-08-03
0.01997290810195973,2020-08-04
0.006249669705054028,2020-08-05
-0.006850262594825907,2020-08-06
-0.016002874231156095,2020-08-07
-0.006285335356020494,2020-08-10
0.02105431157342963,2020-08-11
0.014195668747746026,2020-08-12
-0.0005288226527663253,2020-08-13
-0.0018889770425271069,2020-08-14
0.006525434396221774,2020-08-17
0.00079065557760849,2020-08-18
-0.007429647710569531,2020-08-19
-0.015390639580713072,2020-08-20
0.013006499862288301,2020-08-21
0.017430239146959403,2020-08-24
-0.0025579386793365133,2020-08-25
0.00021848509592148346,2020-08-26
-0.008263000739515136,2020-08-27
0.0055737240621080986,2020-08-28
-0.009637683191464075,2020-08-31
0.00030975939925448337,2020-09-01
-0.002571377897007343,2020-09-02
-0.004478098409468445,2020-09-03
-0.012482221224782375,2020-09-04
-0.004284142685068937,2020-09-07
0.001410733889011473,2020-09-08
-0.006311241529158962,2020-09-09
-0.006350528077220363,2020-09-10
0.0078051773494256516,2020-09-11
0.005589805905531708,2020-09-14
0.003753223234029157,2020-09-15
-0.00028823739516159463,2020-09-16
-0.015562039738780009,2020-09-17
0.004706513893864894,2020-09-18
-0.020638406794253217,2020-09-21
-0.009763386737056567,2020-09-22
0.0010819378067759011,2020-09-23
-0.018171602639483697,2020-09-24
-0.0032452559925759683,2020-09-25
0.010356208761626906,2020-09-28
-0.008541533933601575,2020-09-29
0.007884739463245527,2020-09-30
0.0131603157563287,2020-10-05
0.008956288725635808,2020-10-06
0.01093418986156891,2020-10-07
-0.002042241175397641,2020-10-08
-0.0030677335382794935,2020-10-09
0.021997012712370534,2020-10-12
0.0007063035492029801,2020-10-14
-0.020616569869868706,2020-10-15
0.009448005088780409,2020-10-16
0.006375201865508107,2020-10-19
0.0011115234349041714,2020-10-20
0.007524799667779636,2020-10-21
0.0012810212317670988,2020-10-22
0.005351720212105171,2020-10-23
-0.005280749999118206,2020-10-27
-0.0031624671293710716,2020-10-28
-0.004945653694684027,2020-10-29
-0.019489465607813727,2020-10-30
0.014625780979160785,2020-11-02
0.019612449370285168,2020-11-03
-0.0021487739740070344,2020-11-04
0.0325393683607782,2020-11-05
0.0006635598687201316,2020-11-06
0.011791683747889525,2020-11-09
0.010966662184778597,2020-11-10
-0.002832540171589071,2020-11-11
-0.002196196754088109,2020-11-12
-0.0004784784341015369,2020-11-13
0.008594707172294047,2020-11-16
0.0012667856877131012,2020-11-17
0.004891114113722006,2020-11-18
-0.007056823369198106,2020-11-19
0.003587982869510453,2020-11-20
0.0013103266380116718,2020-11-23
0.0038510621761007613,2020-11-24
0.0030671795625967224,2020-11-25
0.005613071691710658,2020-11-26
0.0028050713546123873,2020-11-27
-0.02056873179203944,2020-11-30
0.008586813088874878,2020-12-01
-0.0013211394366333673,2020-12-02
0.007384126281654968,2020-12-03
0.004018928180593795,2020-12-04
-0.012262307886518942,2020-12-07
-0.007631576950150043,2020-12-08
0.007537829667280116,2020-12-09
-0.0034807590637029318,2020-12-10
0.003607617150494846,2020-12-11
-0.004389579106337416,2020-12-14
-0.00690541063220973,2020-12-15
0.009653802779701293,2020-12-16
0.00824223032332938,2020-12-17
-0.006738836623843447,2020-12-18
-0.007242643939836757,2020-12-21
-0.0071247945284809155,2020-12-22
0.008570292384926903,2020-12-23
0.0016498034834342423,2020-12-24
-0.0027259970988723348,2020-12-28
0.009647080985350831,2020-12-29
0.021778397474628397,2020-12-30
0.0030950434985308473,2020-12-31
0.008875124898340303,2021-01-04
0.006444510940113446,2021-01-05
0.0015349592080882157,2021-01-06
-0.005192101990216469,2021-01-07
0.011968017791337271,2021-01-08
0.0010761088492508009,2021-01-11
0.013205044520582243,2021-01-12
-0.001455272993713952,2021-01-13
0.009252849921354445,2021-01-14
0.002702052145000522,2021-01-15
0.010110995244232646,2021-01-18
0.02700744863659099,2021-01-19
0.010801848368109601,2021-01-20
-0.0011584804819310124,2021-01-21
-0.01603561910441509,2021-01-22
0.024149816223714815,2021-01-25
-0.025456737670315532,2021-01-26
-0.003189059247457826,2021-01-27
-0.025488830749446634,2021-01-28
-0.00935381421007564,2021-01-29
0.0215370761936462,2021-02-01
0.012315840364969022,2021-02-02
0.002009036993765978,2021-02-03
-0.0066181419780318995,2021-02-04
0.006017129081010486,2021-02-05
0.0010512940819977779,2021-02-08
0.005345210750455243,2021-02-09
0.019084259547679228,2021-02-10
0.004489192822415111,2021-02-11
0.01899310680886135,2021-02-16
0.011002147718025768,2021-02-17
-0.015752641970347203,2021-02-18
0.001616620420666015,2021-02-19
-0.010602161796016363,2021-02-22
0.010317028362922365,2021-02-23
-0.02985052453750059,2021-02-24
0.011976809013351186,2021-02-25
-0.03637536754021231,2021-02-26
0.016299376702906265,2021-03-01
-0.012111368675643441,2021-03-02
0.026964680326614365,2021-03-03
-0.02154022135759237,2021-03-04
-0.004737182311776,2021-03-05
-0.019157792514110983,2021-03-08
0.008142734110705652,2021-03-09
0.004667152777504402,2021-03-10
0.016538597966981206,2021-03-11
-0.021979761033116274,2021-03-12
0.0032720938199575222,2021-03-15
0.006725785644201565,2021-03-16
0.0002215018701499094,2021-03-17
0.012798788924856641,2021-03-18
-0.014105461117160156,2021-03-19
-0.0036425038776595198,2021-03-22
-0.013430999478406425,2021-03-23
-0.02032608671068248,2021-03-24
-0.0006637709240351342,2021-03-25
0.0156568612351764,2021-03-26
6.603138682725884e-05,2021-03-29
0.008440845504338323,2021-03-30
-0.006968782805528817,2021-03-31
0.01974711823322073,2021-04-01
-0.00912062691697546,2021-04-07
0.011622383492474686,2021-04-08
-0.010661499641936967,2021-04-09
-0.008555113025329186,2021-04-12
0.0015453650409227304,2021-04-13
0.014162071011238009,2021-04-14
-0.003726171630153652,2021-04-15
0.006132374192855172,2021-04-16
0.004709727805684905,2021-04-19
0.0010162827350237436,2021-04-20
-0.017635066586921377,2021-04-21
0.004661459547059543,2021-04-22
0.0112469599736027,2021-04-23
-0.00433030724756045,2021-04-26
-0.00038997968746168343,2021-04-27
0.004484930154187383,2021-04-28
0.007977613798383576,2021-04-29
-0.01973769849757412,2021-04-30
-0.012788279215964482,2021-05-03
0.00703874768752244,2021-05-04
-0.004873042370641789,2021-05-05
0.00772329578420794,2021-05-06
-0.0009362054455006596,2021-05-07
-0.0005239389587561316,2021-05-10
-0.020347479519469247,2021-05-11
0.007754336571296427,2021-05-12
-0.018149142137159013,2021-05-13
0.011144127459781883,2021-05-14
0.005941276014772345,2021-05-17
0.014177464331717404,2021-05-18
-0.0050193199727514015,2021-05-20
0.00028647830632211324,2021-05-21
-0.0016227062476866783,2021-05-24
0.01754874879675139,2021-05-25
0.008825417028095472,2021-05-26
-0.0018106881023279842,2021-05-27
0.00038508091865008254,2021-05-28
0.0009404696903061449,2021-05-31
0.010846644470532185,2021-06-01
-0.005781894236968954,2021-06-02
-0.01131797918999522,2021-06-03
-0.0016546861500679189,2021-06-04
-0.004523821214641233,2021-06-07
-0.000204897358974776,2021-06-08
-0.001346356527830661,2021-06-09
-0.00013046822395446078,2021-06-10
0.003592693831928395,2021-06-11
-0.007059171997127911,2021-06-15
-0.007042591155231204,2021-06-16
0.004281418071381049,2021-06-17
0.00849760750890538,2021-06-18
-0.010842214122234517,2021-06-21
-0.006291559351855103,2021-06-22
0.01791998770300407,2021-06-23
0.002269162836155303,2021-06-24
0.014048656259002312,2021-06-25
-0.00068013424498925,2021-06-28
-0.009368537446856506,2021-06-29
-0.005730489750103374,2021-06-30
-0.017952345237877476,2021-07-02
-0.005896059554596156,2021-07-05
-0.002510015634160645,2021-07-06
-0.003998176063068071,2021-07-07
-0.02887948500670967,2021-07-08
0.007049213002960686,2021-07-09
0.006242605570524917,2021-07-12
0.016288061381891872,2021-07-13
-0.0062921230910985,2021-07-14
0.007514489870796615,2021-07-15
0.0003004027461805947,2021-07-16
-0.018386226743911993,2021-07-19
-0.008386000279791528,2021-07-20
-0.0012718589790621238,2021-07-21
0.01833856625859065,2021-07-22
-0.014495083554978527,2021-07-23
-0.04134620319863225,2021-07-26
-0.04222194184423689,2021-07-27
0.015444651817793753,2021-07-28
0.03303145907645755,2021-07-29
-0.013463298619120656,2021-07-30
0.010583998085471613,2021-08-02
-0.0015620056384666459,2021-08-03
0.008846423299930795,2021-08-04
-0.008395394842160564,2021-08-05
-0.0009650586604064149,2021-08-06
0.003972589075693422,2021-08-09
0.012259401189008035,2021-08-10
0.002049981071168494,2021-08-11
-0.0053390468367696675,2021-08-12
-0.00475910804084867,2021-08-13
-0.007963065926542612,2021-08-16
-0.016637413699519654,2021-08-17
0.004705245114791978,2021-08-18
-0.021288880797957765,2021-08-19
-0.018431161766340742,2021-08-20
0.010457628225669424,2021-08-23
0.024625256006677088,2021-08-24
-0.0013203828070109669,2021-08-25
-0.010829777986092637,2021-08-26
-0.00030685093707116806,2021-08-27
0.005181399725110003,2021-08-30
0.013291201969005684,2021-08-31
0.00576911335306618,2021-09-01
0.0023874264209524654,2021-09-02
-0.007222550773676284,2021-09-03
0.010101178428087332,2021-09-06
0.007261989019078374,2021-09-07
-0.0012408602082003561,2021-09-08
-0.022982838930164617,2021-09-09
0.019050791579172444,2021-09-10
-0.01496225878197499,2021-09-13
-0.012070286080360204,2021-09-14
-0.01839131411759176,2021-09-15
-0.014595064494011267,2021-09-16
0.010252622756135255,2021-09-17
-0.032969265317437046,2021-09-20
0.005078954449231565,2021-09-21
0.011949752883297027,2021-09-23
-0.013007244361623038,2021-09-24
0.0006869638972981651,2021-09-27
0.012045684937226131,2021-09-28
0.0066574193651249836,2021-09-29
-0.0035623238794169065,2021-09-30
-0.021943333750836902,2021-10-04
0.0028199454586275152,2021-10-05
-0.005711056146726512,2021-10-06
0.03067784340489066,2021-10-07
0.00551051031818206,2021-10-08
0.01961684453516832,2021-10-11
-0.014313868271999874,2021-10-12
0.014756926106456403,2021-10-15
0.0031103858513066296,2021-10-18
0.014854964629718914,2021-10-19
0.013526417982751227,2021-10-20
-0.004533599090455365,2021-10-21
0.004204872391097458,2021-10-22
0.00019518594170819803,2021-10-25
-0.003587925168758832,2021-10-26
-0.015727976714562386,2021-10-27
-0.0028487457813893835,2021-10-28
-0.006984352671635108,2021-10-29
-0.008784246033697651,2021-11-01
-0.0021726045445100706,2021-11-02
-0.0029848966981714797,2021-11-03
0.008009648572912864,2021-11-04
-0.014060536122398104,2021-11-05
-0.004291839426730726,2021-11-08
0.0019932881406730107,2021-11-09
0.007375520915203326,2021-11-10
0.01007553978645448,2021-11-11
0.0031677954564917066,2021-11-12
0.0024849781240956492,2021-11-15
0.012715934113355365,2021-11-16
-0.002477240627080546,2021-11-17
-0.012879467588163163,2021-11-18
-0.010653751009453538,2021-11-19
-0.003937364260577558,2021-11-22
-0.012013774310403846,2021-11-23
0.0013759735387144367,2021-11-24
0.002214261661704242,2021-11-25
-0.02666274675806246,2021-11-26
-0.009479832716181913,2021-11-29
-0.015804824412539165,2021-11-30
0.007823562255908856,2021-12-01
0.005495169097081032,2021-12-02
-0.0009348984871180299,2021-12-03
-0.017558549522559974,2021-12-06
0.02716471587383995,2021-12-07
0.0005507493138638964,2021-12-08
0.010750995592931023,2021-12-09
-0.010683989870586497,2021-12-10
-0.001714498410320342,2021-12-13
-0.013301458774723773,2021-12-14
-0.009104328797351346,2021-12-15
0.002337252716085869,2021-12-16
-0.012049547001128813,2021-12-17
-0.01930662748396228,2021-12-20
0.009957006081731334,2021-12-21
0.005702760769814796,2021-12-22
0.003952438847779183,2021-12-23
0.0012985947791455121,2021-12-24
0.002445804719960698,2021-12-28
-0.008334055530335727,2021-12-29
0.0011032707438756173,2021-12-30
0.012359814622217247,2021-12-31
-0.00525351123788953,2022-01-03
0.000648335374171527,2022-01-04
-0.016427328239127847,2022-01-05
0.007229561601676426,2022-01-06
0.018225807106970304,2022-01-07
0.010775724645181395,2022-01-10
-0.00031493076129185393,2022-01-11
0.02793326103577809,2022-01-12
0.0011310309477952085,2022-01-13
-0.001901336755984695,2022-01-14
-0.006778855935393846,2022-01-17
-0.004345935778250154,2022-01-18
0.0006249927606625238,2022-01-19
0.03417212944164061,2022-01-20
0.0005290552625969447,2022-01-21
-0.012380653904184524,2022-01-24
-0.016744153329486755,2022-01-25
0.001909411049690224,2022-01-26
-0.01988070691353605,2022-01-27
-0.010791780647498639,2022-01-28
0.010708230573459598,2022-01-31
0.032393113278618824,2022-02-04
0.00025481809675831357,2022-02-07
-0.010173519813297505,2022-02-08
0.02057174216058355,2022-02-09
0.0038002179666332125,2022-02-10
-0.0007097257662581624,2022-02-11
-0.014056073417862525,2022-02-14
-0.008179455536498792,2022-02-15
0.014911880587554771,2022-02-16
0.0029883667743171305,2022-02-17
-0.018757831518734447,2022-02-18
-0.0064798790730863365,2022-02-21
-0.02689567320637065,2022-02-22
0.005964255819515207,2022-02-23
-0.03206719331078267,2022-02-24
-0.0058677599327761065,2022-02-25
-0.002378869802645567,2022-02-28
0.0021437663179484368,2022-03-01
-0.01835499171271382,2022-03-02
0.005523646804434179,2022-03-03
-0.02501634751416071,2022-03-04
-0.038696508441704136,2022-03-07
-0.013855391458726496,2022-03-08
-0.006653138483605159,2022-03-09
0.012727967195220957,2022-03-10
-0.016106583015241593,2022-03-11
-0.049729463659566986,2022-03-14
-0.05716769947831091,2022-03-15
0.09081795543542825,2022-03-16
0.07037861698817682,2022-03-17
-0.004131395096392598,2022-03-18
-0.008922892501050605,2022-03-21
0.031474895461028884,2022-03-22
0.012097281854674957,2022-03-23
-0.009394696536305647,2022-03-24
-0.024654589053397014,2022-03-25
0.01308532598663481,2022-03-28
0.011190245980596591,2022-03-29
0.013881957401241873,2022-03-30
-0.010578417487649538,2022-03-31
0.0019412403427443436,2022-04-01
0.02099678755787937,2022-04-04
-0.01874434248635748,2022-04-06
-0.012297675429044919,2022-04-07
0.002890061594823967,2022-04-08
-0.030345130213781935,2022-04-11
0.005225787736044429,2022-04-12
0.0025910193813416527,2022-04-13
0.006723517150588387,2022-04-14
-0.022786434046151438,2022-04-19
-0.003951435848426943,2022-04-20
-0.012530597031557567,2022-04-21
-0.002112982570986577,2022-04-22
-0.037269130973049625,2022-04-25
0.0032900486007119145,2022-04-26
0.0005843293909062464,2022-04-27
0.016534874393588472,2022-04-28
0.04010721483684421,2022-04-29
0.000592715087043949,2022-05-03
-0.011011861348324103,2022-05-04
-0.0036473834728690813,2022-05-05
-0.038062050374494394,2022-05-06
-0.018411769002336098,2022-05-10
0.00972210851305988,2022-05-11
-0.022408075521813453,2022-05-12
0.026750288781297593,2022-05-13
0.0025851551358093694,2022-05-16
0.03269682690541731,2022-05-17
0.0020269251807605304,2022-05-18
-0.02536293962338798,2022-05-19
0.02964912498684691,2022-05-20
-0.01193111074176123,2022-05-23
-0.01748704830062886,2022-05-24
0.0029420062064240415,2022-05-25
-0.0027301361679136216,2022-05-26
0.028890157128107496,2022-05-27
0.020609890603496384,2022-05-30
0.013788605413809885,2022-05-31
-0.005615626751662717,2022-06-01
-0.009993388063790465,2022-06-02
0.02712105028964573,2022-06-06
-0.0056447321981272225,2022-06-07
0.022428354309127707,2022-06-08
-0.006611027665424318,2022-06-09
-0.00287488900999322,2022-06-10
-0.03387111451706459,2022-06-13
1.946859812473889e-05,2022-06-14
0.01140216510699954,2022-06-15
-0.021718447004180796,2022-06-16
0.011012980588146037,2022-06-17
0.004218749999999938,2022-06-20
0.018695963296893492,2022-06-21
-0.025568668235115055,2022-06-22
0.012639232745180307,2022-06-23
0.0209266778556918,2022-06-24
0.023502811425627934,2022-06-27
0.008522504123792407,2022-06-28
-0.018826915995129312,2022-06-29
-0.006232770114526165,2022-06-30
-0.0013467400367326299,2022-07-04
0.00104078512399286,2022-07-05
-0.012190971448877486,2022-07-06
0.002636810023551428,2022-07-07
0.0037978568449994476,2022-07-08
-0.027689689281319874,2022-07-11
-0.013229329144318513,2022-07-12
-0.002244739684874375,2022-07-13
-0.0022472543210108054,2022-07-14
-0.021853675707931175,2022-07-15
0.027020717862698662,2022-07-18
-0.008880242970178531,2022-07-19
0.011091403354154483,2022-07-20
-0.015107061252961795,2022-07-21
0.0016772969518077385,2022-07-22
-0.0022417806116066252,2022-07-25
0.01667764509212133,2022-07-26
-0.011281122209650385,2022-07-27
-0.002291208780825227,2022-07-28
-0.022604721061422417,2022-07-29
0.00046288163146734895,2022-08-01
-0.023635460260670538,2022-08-02
0.0039554102242702616,2022-08-03
0.02058720944594028,2022-08-04
0.0013829848618098772,2022-08-05
-0.007730442031932849,2022-08-08
-0.0021116713957530786,2022-08-09
-0.019626605229315586,2022-08-10
0.02404740681721984,2022-08-11
0.004640347536384315,2022-08-12
-0.006679337307356925,2022-08-15
-0.010495550106618068,2022-08-16
0.0046357679815263175,2022-08-17
-0.007957809843520236,2022-08-18
0.0004614036672352384,2022-08-19
-0.005869046486637219,2022-08-22
-0.00782065531348497,2022-08-23
-0.012024137803955726,2022-08-24
0.036309619440084484,2022-08-25
0.010098876045341543,2022-08-26
-0.007279031980060191,2022-08-29
-0.003705268365664094,2022-08-30
0.00026875132845893823,2022-08-31
-0.01789481246686775,2022-09-01
-0.007410236357567768,2022-09-02
-0.011638370314886237,2022-09-05
-0.0011946899688100032,2022-09-06
-0.008250372922633309,2022-09-07
-0.009960021258000218,2022-09-08
0.02692342155462768,2022-09-09
-0.001827815723895676,2022-09-13
-0.024823472676868907,2022-09-14
0.004418783352668987,2022-09-15
-0.00891114698130635,2022-09-16
-0.010431829739480092,2022-09-19
0.011604522176356546,2022-09-20
-0.017932658055194395,2022-09-21
-0.016084361493893473,2022-09-22
-0.011829418570237005,2022-09-23
-0.004356645959837646,2022-09-26
0.0002895480905795722,2022-09-27
-0.03412200957539513,2022-09-28
-0.004927963936624202,2022-09-29
0.003318267023555199,2022-09-30
-0.008321530889515816,2022-10-03
0.05904507514200863,2022-10-05
-0.004191753389278796,2022-10-06
-0.015106447785191879,2022-10-07
-0.02950333296414165,2022-10-10
-0.02232144781637513,2022-10-11
-0.007802238248314497,2022-10-12
-0.01867668850406512,2022-10-13
0.012116587520485611,2022-10-14
0.0015198583004127908,2022-10-17
0.01815936292919962,2022-10-18
-0.023843381236024586,2022-10-19
-0.013994044080898771,2022-10-20
-0.004244390464967607,2022-10-21
-0.06356313937909253,2022-10-24
-0.0009947232642311121,2022-10-25
0.010027969877325571,2022-10-26
0.007198908735787768,2022-10-27
-0.03661414574093236,2022-10-28
-0.011844131972270522,2022-10-31
0.052308094121163995,2022-11-01
0.024063015521860187,2022-11-02
-0.030812816814834942,2022-11-03
0.053564323292910165,2022-11-04
0.026902218362709007,2022-11-07
-0.0023258507072878576,2022-11-08
-0.012006238275365289,2022-11-09
-0.016962384136133157,2022-11-10
0.07739674263382157,2022-11-11
0.01697198136164091,2022-11-14
0.04105675772383832,2022-11-15
-0.004723224616860255,2022-11-16
-0.01154769742507955,2022-11-17
-0.002943704651979795,2022-11-18
-0.01870936086789443,2022-11-21
-0.013111756797088758,2022-11-22
0.00570466315551843,2022-11-23
0.007823061279012,2022-11-24
-0.004944272974120367,2022-11-25
-0.015684944318380967,2022-11-28
0.05241897376460014,2022-11-29
0.021563179797090326,2022-11-30
0.007485468581406307,2022-12-01
-0.0032604830764583204,2022-12-02
0.045136475126647424,2022-12-05
-0.003950621632515361,2022-12-06
-0.03221817734665178,2022-12-07
0.033771789775098426,2022-12-08
0.023168808852883638,2022-12-09
-0.021970813342892415,2022-12-12
0.006811080642291634,2022-12-13
0.003942090970685985,2022-12-14
-0.015495979968243256,2022-12-15
0.004237793189238559,2022-12-16
-0.0050311570446189835,2022-12-19
-0.013331901586080552,2022-12-20
0.0034401748348955596,2022-12-21
0.02707292258208338,2022-12-22
-0.004378230091007573,2022-12-23
0.015610098720578947,2022-12-28
-0.00792855136342463,2022-12-29
0.002039878648096183,2022-12-30
0.018394993247487612,2023-01-03
0.03215740963012048,2023-01-04
0.01245896138970326,2023-01-05
-0.002875204651094143,2023-01-06
0.018897961614184222,2023-01-09
-0.002659341803315396,2023-01-10
0.00490307926196154,2023-01-11
0.003641007801365559,2023-01-12
0.010437831512927653,2023-01-13
0.00037079317754917795,2023-01-16
-0.0077749689451201975,2023-01-17
0.0046510819576688345,2023-01-18
-0.001246403323646117,2023-01-19
0.018182544778662768,2023-01-20
0.0236850617722677,2023-01-26
0.005411542876519793,2023-01-27
-0.02728955177267378,2023-01-30
-0.010303723053935454,2023-01-31
0.010523126816272876,2023-02-01
-0.005156731872949516,2023-02-02
-0.01356607143492472,2023-02-03
-0.02023550424561016,2023-02-06
0.0036065632309092432,2023-02-07
-0.0007127049095391191,2023-02-08
0.01601426132785755,2023-02-09
-0.020067158781437944,2023-02-10
-0.0012269695501956335,2023-02-13
-0.00239364728336533,2023-02-14
-0.014284042591079071,2023-02-15
0.008432566169639832,2023-02-16
-0.012762701910078,2023-02-17
0.008067177556804861,2023-02-20
-0.017114538787842748,2023-02-21
-0.00514627442858262,2023-02-22
-0.0035492950850367633,2023-02-23
-0.01677090480121146,2023-02-24
-0.0033247959520319448,2023-02-27
-0.00790083161648869,2023-02-28
0.04213959546122603,2023-03-01
-0.009226608490131794,2023-03-02
0.006758774762702924,2023-03-03
0.001733332826871825,2023-03-06
-0.0033348712601668495,2023-03-07
-0.023532636702710552,2023-03-08
-0.006259448444610682,2023-03-09
-0.030403904967849837,2023-03-10
0.019464406828323177,2023-03-13
-0.02274626482633413,2023-03-14
0.015165668928405207,2023-03-15
-0.01719351250293244,2023-03-16
0.016386229936489638,2023-03-17
-0.026532598430302534,2023-03-20
0.013581009098754926,2023-03-21
0.017273693941018076,2023-03-22
0.02338833585954947,2023-03-23
-0.006681463274357369,2023-03-24
-0.017473178914070187,2023-03-27
0.011087713652638165,2023-03-28
0.020609411435099867,2023-03-29
0.0057809109611453025,2023-03-30
0.0044796853324229335,2023-03-31
0.0004446207779216227,2023-04-03
-0.00659457390305751,2023-04-04
0.002792134165784388,2023-04-06
0.007576582864966319,2023-04-11
-0.00856132793017994,2023-04-12
0.0017046446807316151,2023-04-13
0.004636642271101277,2023-04-14
0.016813046487557992,2023-04-17
-0.006348599808244093,2023-04-18
-0.013692155942351958,2023-04-19
0.0014341752768165517,2023-04-20
-0.015749409020123895,2023-04-21
-0.005767711207581794,2023-04-24
-0.017137256080025143,2023-04-25
0.00710518495214485,2023-04-26
0.004201479637340855,2023-04-27
0.0027364037981840728,2023-04-28
0.001972409243256923,2023-05-02
-0.011771476912214696,2023-05-03
0.012669083885833432,2023-05-04
0.005041928772488102,2023-05-05
0.012355474739185635,2023-05-08
-0.021158230225155172,2023-05-09
-0.005304161803330487,2023-05-10
-0.0009315843872544916,2023-05-11
-0.005903062869850317,2023-05-12
0.01752108910338368,2023-05-15
0.0003564715826624987,2023-05-16
-0.020906720433471415,2023-05-17
0.00852120796260647,2023-05-18
-0.014025253773333857,2023-05-19
0.011701436293039214,2023-05-22
-0.012547910850211452,2023-05-23
-0.016227484721775487,2023-05-24
-0.019303783371116823,2023-05-25
-0.010444944966480407,2023-05-29
0.002407938036050661,2023-05-30
-0.019440420315471885,2023-05-31
-0.0009520192169063524,2023-06-01
0.04023894780111803,2023-06-02
0.008367337915101025,2023-06-05
-0.0004825445809456541,2023-06-06
0.007996150051064355,2023-06-07
0.002450638245377057,2023-06-08
0.004703284425544352,2023-06-09
0.0007406583670219735,2023-06-12
0.006035224736127498,2023-06-13
-0.005788513358773506,2023-06-14
0.021665854391683892,2023-06-15
0.010663678081463734,2023-06-16
-0.0063610862020789805,2023-06-19
-0.015357416089609055,2023-06-20
-0.019826025456166407,2023-06-21
-0.01708673808753125,2023-06-23
-0.005073583503977908,2023-06-26
0.018835667509647935,2023-06-27
0.0012492040111209413,2023-06-28
-0.012397808088556617,2023-06-29
-0.000946939220118237,2023-06-30
0.020625464883990086,2023-07-03
0.005650394224608002,2023-07-04
-0.01572434408884249,2023-07-05
-0.030210286355532134,2023-07-06
-0.009029898232907785,2023-07-07
0.0062083933215346665,2023-07-10
0.009746325601638794,2023-07-11
0.010778187142270523,2023-07-12
0.025962103826047578,2023-07-13
0.0032639863247270196,2023-07-14
-0.02050392083184316,2023-07-18
-0.0033346175640652786,2023-07-19
-0.001281691515391814,2023-07-20
0.007778956172985074,2023-07-21
-0.021342271612659225,2023-07-24
0.04104584460519467,2023-07-25
-0.003563771674602867,2023-07-26
0.014147521843776989,2023-07-27
0.014127482391242507,2023-07-28
0.00815295923549808,2023-07-31
-0.0033776839986160434,2023-08-01
-0.024673196825241606,2023-08-02
-0.004944911381572048,2023-08-03
0.006106410378252658,2023-08-04
-7.886684437863334e-05,2023-08-07
-0.01810581686354107,2023-08-08
0.003224500994930324,2023-08-09
0.00011589241165510522,2023-08-10
-0.008991478430121824,2023-08-11
-0.015813141600309666,2023-08-14
-0.01025066640255401,2023-08-15
-0.013551860046031261,2023-08-16
-0.00014566414217676016,2023-08-17
-0.02050465537738322,2023-08-18
-0.018247634736125673,2023-08-21
0.009516992119359191,2023-08-22
0.003086399084333946,2023-08-23
0.020522898320924465,2023-08-24
-0.005094357085014933,2023-08-25
0.0006263791983898148,2023-08-28
0.019485639192501347,2023-08-29
-6.329366050061846e-05,2023-08-30
-0.005453638210402678,2023-08-31
0.025138618611152186,2023-09-04
-0.020550133133503512,2023-09-05
-0.0003754521987340276,2023-09-06
-0.01343687906173685,2023-09-07
-0.00580269672277145,2023-09-11
-0.0038990297431881205,2023-09-12
-0.0009247766017108638,2023-09-13
0.0021488558215783105,2023-09-14
0.007478463097645216,2023-09-15
-0.013877872828594873,2023-09-18
0.003715398452492913,2023-09-19
-0.00619932539306578,2023-09-20
-0.012870099865388007,2023-09-21
0.022771437136943407,2023-09-22
-0.018173118045335723,2023-09-25
-0.014799728909039578,2023-09-26
0.00829962653693328,2023-09-27
-0.013561300157464373,2023-09-28
0.025132684226436997,2023-09-29
-0.026864041701385233,2023-10-03
-0.007811386266092013,2023-10-04
0.0010484685272031946,2023-10-05
0.015807679604279867,2023-10-06
0.0017968636034537688,2023-10-09
0.008410498980422343,2023-10-10
0.012927971985137177,2023-10-11
0.01928739769291732,2023-10-12
-0.023289659287613396,2023-10-13
-0.009716806757885443,2023-10-16
0.007538421747714574,2023-10-17
-0.002296715916021541,2023-10-18
-0.024623060782791195,2023-10-19
-0.007155443354048163,2023-10-20
-0.01051713173973412,2023-10-24
0.005520443722935031,2023-10-25
-0.0023833723398259954,2023-10-26
0.020776134316659922,2023-10-27
0.0004384748797450211,2023-10-30
-0.016883421737924453,2023-10-31
-0.0006253431169456203,2023-11-01
0.007531996796294571,2023-11-02
0.025160444349631605,2023-11-03
0.01712345239052193,2023-11-06
-0.01649893998126295,2023-11-07
-0.00575542144783725,2023-11-08
-0.0032542335497337538,2023-11-09
-0.01759032677580752,2023-11-10
0.01295982127297135,2023-11-13
-0.0016843341679536605,2023-11-14
0.03921056153274782,2023-11-15
-0.013616886304552267,2023-11-16
-0.021232247773482982,2023-11-17
0.018556052702694448,2023-11-20
-0.0024850665299110952,2023-11-21
3.997906550745611e-05,2023-11-22
0.009937649468095833,2023-11-23
-0.019620516119886355,2023-11-24
-0.0019567488648754017,2023-11-27
-0.009752886240697034,2023-11-28
-0.020784732570126918,2023-11-29
0.002909440810165531,2023-11-30
-0.012473247913838637,2023-12-01
-0.010947516767214616,2023-12-04
-0.019115070227102016,2023-12-05
0.008292538712798558,2023-12-06
-0.007129214922099836,2023-12-07
-0.0007047356551254103,2023-12-08
-0.00813498664834833,2023-12-11
0.010678632836991886,2023-12-12
-0.008901035146111291,2023-12-13
0.010687172648848442,2023-12-14
0.02377731345650913,2023-12-15
-0.009704451276582815,2023-12-18
-0.007470608395466982,2023-12-19
0.006592580846713103,2023-12-20
0.0004406161054590907,2023-12-21
-0.01688938649843208,2023-12-22
0.017406520691967353,2023-12-27
0.025184570622038382,2023-12-28
0.0002265568391230932,2023-12-29
-0.01518354623554008,2024-01-02
-0.008466521431900298,2024-01-03
-2.5812622419296716e-05,2024-01-04
-0.0066472738468441595,2024-01-05
-0.018800948111932225,2024-01-08
-0.0021221467382881443,2024-01-09
-0.0057281745481216895,2024-01-10
0.012720146642590135,2024-01-11
-0.003524709839984208,2024-01-12
-0.0017390415673497195,2024-01-15
-0.021608474578516668,2024-01-16
-0.03712482693410635,2024-01-17
0.007520481609476493,2024-01-18
-0.005398956792166731,2024-01-19
-0.0227002266316384,2024-01-22
0.02625466637354701,2024-01-23
0.035553623996627426,2024-01-24
0.019628452399283125,2024-01-25
-0.016020856997754462,2024-01-26
0.007836506993168735,2024-01-29
-0.023249639466311756,2024-01-30
-0.013906490618073697,2024-01-31
0.005239863093937869,2024-02-01
-0.002097517038953889,2024-02-02
-0.001516059766011879,2024-02-05
0.040416502699554435,2024-02-06
-0.003407133375352589,2024-02-07
-0.012673842464607565,2024-02-08
-0.008281247770485334,2024-02-09
0.008433564877492694,2024-02-14
0.004109102526769659,2024-02-15
0.024793932567299448,2024-02-16
-0.011282133482316214,2024-02-19
0.005688390104903185,2024-02-20
0.015731016471875137,2024-02-21
0.014533609749210141,2024-02-22
-0.001020718842703161,2024-02-23
-0.005447800234479772,2024-02-26
0.00938160408134947,2024-02-27
-0.015124422901770296,2024-02-28
-0.0015365778156194443,2024-02-29
0.004723997578856665,2024-03-01
0.000393699257799085,2024-03-04
-0.026110618199989055,2024-03-05
0.01704240156954362,2024-03-06
-0.01267237083460171,2024-03-07
0.007616207546710108,2024-03-08
0.01432000760067953,2024-03-11
0.030500530093834355,2024-03-12
-0.0006663717202445296,2024-03-13
-0.007051191167659843,2024-03-14
-0.014194927208306396,2024-03-15
0.0009705533029882307,2024-03-18
-0.012405878821225014,2024-03-19
0.0008221579483815855,2024-03-20
0.019345217715310392,2024-03-21
-0.021563586450491057,2024-03-22
-0.0015655094996537278,2024-03-25
0.00878249627956773,2024-03-26
-0.013568186465896748,2024-03-27
0.009063718034288515,2024-03-28
0.023583199702168045,2024-04-02
-0.01219145874615779,2024-04-03
-7.053395959077946e-05,2024-04-05
0.0005339470376390931,2024-04-08
0.005690644770490971,2024-04-09
0.018486944943646444,2024-04-10
-0.002575423734125115,2024-04-11
-0.021839087682537506,2024-04-12
-0.0072497767623800335,2024-04-15
-0.021173581399989372,2024-04-16
0.0001766337949911101,2024-04-17
0.008247022993310038,2024-04-18
-0.009870058817113891,2024-04-19
0.01772357800896973,2024-04-22
0.019213069339488964,2024-04-23
0.02212498659534856,2024-04-24
0.004840894510647731,2024-04-25
0.021210361861508265,2024-04-26
0.005425128872952101,2024-04-29
0.0009082787078471544,2024-04-30
0.025001454148258828,2024-05-02
0.014762845644161304,2024-05-03
0.005541313223261124,2024-05-06
-0.005325117823738013,2024-05-07
-0.008956461898969481,2024-05-08
0.01222850778141904,2024-05-09
0.022973001021244777,2024-05-10
0.007982673292820097,2024-05-13
-0.0021631953125965664,2024-05-14
0.015876216241677454,2024-05-16
0.0091388955891889,2024-05-17
0.004224863376406596,2024-05-20
-0.02116504844712097,2024-05-21
-0.00130170266977081,2024-05-22
-0.017029354567041022,2024-05-23
-0.013767314854494117,2024-05-24
0.011736840608255195,2024-05-27
-0.0003287479785215597,2024-05-28
-0.01828529101117693,2024-05-29
-0.013358239002459693,2024-05-30
-0.008259929416103096,2024-05-31
0.017889196651960315,2024-06-03
0.0022317135968965562,2024-06-04
-0.00103818715833226,2024-06-05
0.00281356600569449,2024-06-06
-0.005945377871448221,2024-06-07
-0.010377846245984923,2024-06-11
-0.013121453606734224,2024-06-12
0.009744262249386848,2024-06-13
-0.009432730332025074,2024-06-14
-0.00031547351889371633,2024-06-17
-0.001146756397732318,2024-06-18
0.028737036892486634,2024-06-19
-0.00515834495504619,2024-06-20
-0.016732774558666397,2024-06-21
-4.4850812547236885e-05,2024-06-24
0.0025066661697465964,2024-06-25
0.0009422558918010804,2024-06-26
-0.020644579101546046,2024-06-27
0.00012071658688905806,2024-06-28
0.0028518744857763956,2024-07-02
0.011786146101255168,2024-07-03
0.0027649019644482298,2024-07-04
-0.012683957138085677,2024-07-05
-0.015480610968463981,2024-07-08
-4.736791012449615e-05,2024-07-09
-0.0029424110449811636,2024-07-10
0.020642569248543463,2024-07-11
0.02585476935600095,2024-07-12
-0.015166218228481076,2024-07-15
-0.01598356750277885,2024-07-16
0.0006447258626072205,2024-07-17
0.002198494744553914,2024-07-18
-0.020290367112673735,2024-07-19
0.012527568297836744,2024-07-22
-0.009442198305988136,2024-07-23
-0.0090620720744089,2024-07-24
-0.016702661707466926,2024-07-25
-3.522573962000397e-05,2024-07-26
0.01275044575899864,2024-07-29
-0.013657329512816063,2024-07-30
0.020095939458893097,2024-07-31
-0.0022853610211661657,2024-08-01
-0.02077156794362167,2024-08-02
-0.014585007712565767,2024-08-05
-0.0030553619133616428,2024-08-06
0.013847229251858328,2024-08-07
0.0008277532603271354,2024-08-08
0.011745346105625831,2024-08-09
0.0012533430672083679,2024-08-12
0.00364723184644955,2024-08-13
-0.0035344682586463394,2024-08-14
-0.0002465179341797352,2024-08-15
0.018763042416106046,2024-08-16
0.00799821430212222,2024-08-19
-0.003329064589211228,2024-08-20
-0.006856819337488718,2024-08-21
0.014374681961776048,2024-08-22
-0.0016382512683521533,2024-08-23
0.010596741076552618,2024-08-26
0.0042665657114326905,2024-08-27
-0.010194353457794403,2024-08-28
0.005305715030710312,2024-08-29
0.011399209979228164,2024-08-30
-0.016515562183808674,2024-09-02
-0.002288070075927129,2024-09-03
-0.010999093450302921,2024-09-04
-0.0007469100456716227,2024-09-05
-0.014178833927001144,2024-09-09
0.0021590388199950183,2024-09-10
-0.00727505237507331,2024-09-11
0.007696645760223664,2024-09-12
0.007464982757604988,2024-09-13
0.003053084378746629,2024-09-16
0.013655077703507601,2024-09-17
0.01999661576676659,2024-09-19
0.01362393683958052,2024-09-20
-0.0006277018027065484,2024-09-23
0.04129153590251877,2024-09-24
0.0067650142311797,2024-09-25
0.041584835930288166,2024-09-26
0.03551998086534325,2024-09-27
0.024300678415159593,2024-09-30
0.06198876866790304,2024-10-02
-0.014713271645495407,2024-10-03
0.028189074534382463,2024-10-04
0.015961307337674313,2024-10-07
-0.09406974008054558,2024-10-08
-0.013836275945642296,2024-10-09
0.02978790901271,2024-10-10
-0.007486894144240641,2024-10-14
-0.03669866213857631,2024-10-15
-0.0015719171564189116,2024-10-16
-0.010240624049581037,2024-10-17
0.03610768309981838,2024-10-18
-0.015653082361282267,2024-10-21
0.001000479543483701,2024-10-22
0.012742173712791294,2024-10-23
-0.013031276022073879,2024-10-24
0.0049064479583553755,2024-10-25
0.0004472519238709616,2024-10-28
0.004940991035067066,2024-10-29
-0.015482238674952242,2024-10-30
-0.0031064061252981112,2024-10-31
0.009307306060780007,2024-11-01
0.00297905801648346,2024-11-04
0.021366269822051365,2024-11-05
-0.022306397736837513,2024-11-06
0.020204074859464294,2024-11-07
-0.010745322335434682,2024-11-08
-0.014533819574848672,2024-11-11
-0.028396280645150207,2024-11-12
-0.0011806208134681473,2024-11-13
-0.019554552166852535,2024-11-14
-0.0004872810990906862,2024-11-15
0.007735349657148394,2024-11-18
0.004447171888007251,2024-11-19
0.0021023463023051026,2024-11-20
-0.005272790618264578,2024-11-21
-0.01893457481280958,2024-11-22
-0.004107154918190581,2024-11-25
0.0004286454264001982,2024-11-26
0.023170678249983867,2024-11-27
-0.012047561359927017,2024-11-28
0.0029250039633379465,2024-11-29
0.006521943736319535,2024-12-02
0.010027025655391153,2024-12-03
-0.0001954478069292609,2024-12-04
-0.00921979711400911,2024-12-05
0.015613665377093966,2024-12-06
0.027597119939752224,2024-12-09
-0.005036254256835071,2024-12-10
-0.007691712242322235,2024-12-11
0.012006915915346195,2024-12-12
-0.02087608406929231,2024-12-13
-0.008800154519071568,2024-12-16
-0.0047995661890714025,2024-12-17
0.008328239139154814,2024-12-18
-0.005640249148284537,2024-12-19
-0.0016104559497730486,2024-12-20
0.008236606563653881,2024-12-23
0.010821143040637082,2024-12-24
-0.00038949210928640454,2024-12-27
-0.0024410099786940087,2024-12-30
0.000924550104095978,2024-12-31
-0.021766201972330257,2025-01-02
0.0069789014585244225,2025-01-03
-0.0036426865856341584,2025-01-06
-0.012225998084997358,2025-01-07
-0.008625249707220783,2025-01-08
-0.002020204476056664,2025-01-09
-0.00917845051676236,2025-01-10
-0.00997406390957567,2025-01-13
0.018312816394786102,2025-01-14
0.003449103894537453,2025-01-15
0.012279345074590386,2025-01-16
0.0031332410271596167,2025-01-17
0.017450415820662535,2025-01-20
0.009070659080583576,2025-01-21
-0.016302211829672286,2025-01-22
-0.003954188568274231,2025-01-23
0.01855931486721052,2025-01-24
0.006557302692291156,2025-01-27
0.0013536070756574592,2025-01-28
-0.0003881120853024278,2025-02-03
0.028327339041700927,2025-02-04
-0.009277126317351891,2025-02-05
0.014299558777929544,2025-02-06
0.011579759340173412,2025-02-07
0.018380329253005367,2025-02-10
-0.010552982987777626,2025-02-11
0.026441148868821873,2025-02-12
-0.0019924485681007686,2025-02-13
0.03694633258951585,2025-02-14
-0.00018123561242655573,2025-02-17
0.01594342074923727,2025-02-18
-0.0014175297495513384,2025-02-19
-0.016006621351304262,2025-02-20
0.039905223569291604,2025-02-21
-0.005805903901563103,2025-02-24
-0.013177747892544334,2025-02-25
0.03273029074353162,2025-02-26
-0.0029275614109702808,2025-02-27
-0.03275821236315202,2025-02-28
0.0028311020405660248,2025-03-03
-0.0028035836019563165,2025-03-04
0.028439018418404016,2025-03-05
0.03286823204447331,2025-03-06
-0.005679597784519319,2025-03-07
-0.01848066477807553,2025-03-10
-5.6745640009125964e-05,2025-03-11
-0.0076456565030087464,2025-03-12
-0.005832980713392666,2025-03-13
0.021196670872431378,2025-03-14
0.007745826170102887,2025-03-17
0.02464220112837734,2025-03-18
0.0012356349151965151,2025-03-19
-0.022251353484050607,2025-03-20
-0.021892222433502084,2025-03-21
0.009111118128189988,2025-03-24
-0.023480334032509265,2025-03-25
0.005957369052336237,2025-03-26
0.004065884529079078,2025-03-27
-0.006455000544218992,2025-03-28
-0.01310559519389809,2025-03-31
0.0037742798671140942,2025-04-01
-0.0001857446728646961,2025-04-02
-0.01520173708163386,2025-04-03
-0.1322334712327945,2025-04-07
0.015098565911058737,2025-04-08
0.006797134543032435,2025-04-09
0.020592132230997207,2025-04-10
0.011261611146057948,2025-04-11
0.024036261146822113,2025-04-14
0.0022817494062628008,2025-04-15
-0.019066613409664313,2025-04-16
0.0160592900179517,2025-04-17
0.007813909262398333,2025-04-22
0.02366622982727762,2025-04-23
-0.007378343909366647,2025-04-24
0.0032396735294817347,2025-04-25
-0.0003994086086905879,2025-04-28
0.0016452076172366326,2025-04-29
0.005057262273352459,2025-04-30
0.01741771270248549,2025-05-02
0.007022150601315946,2025-05-06
0.0012871329451911162,2025-05-07
0.0037034859746005733,2025-05-08
0.00403146449473657,2025-05-09
0.029811459118301187,2025-05-12
-0.018734671142618398,2025-05-13
0.02303854291880425,2025-05-14
-0.007930840788092364,2025-05-15
-0.0046095866944902975,2025-05-16
-0.0005281666868295343,2025-05-19
0.014947239546663216,2025-05-20
0.0061777737383461595,2025-05-21
-0.011896566040343393,2025-05-22
0.0024188102105016096,2025-05-23
-0.013513248473478456,2025-05-26
0.004280506114104021,2025-05-27
-0.005289527805814043,2025-05-28
0.013546569165675315,2025-05-29
-0.012030999279096122,2025-05-30
-0.005659086834163496,2025-06-02
0.015308747722103222,2025-06-03
0.0060197393423293555,2025-06-04
0.010693375030334407,2025-06-05
-0.004786538706472054,2025-06-06
0.01634506615617748,2025-06-09
-0.0007675537433005086,2025-06-10
0.008445615928817762,2025-06-11
-0.013606903500861245,2025-06-12
-0.005942086515524969,2025-06-13
0.00704946157485109,2025-06-16
-0.0033535383348322068,2025-06-17
-0.011243033629328214,2025-06-18
-0.01994666665788014,2025-06-19
0.012597620569919199,2025-06-20
0.006742335365216956,2025-06-23
0.020597608921219646,2025-06-24
0.012309167551253442,2025-06-25
-0.006098939504658452,2025-06-26
-0.0016957583159000755,2025-06-27
-0.008724665691075328,2025-06-30
0.006195128327310506,2025-07-02
-0.006253587307587627,2025-07-03
-0.006392990998156489,2025-07-04
-0.0011803979461696423,2025-07-07
0.010894260111692367,2025-07-08
-0.010590908370331054,2025-07-09
0.005694249296240184,2025-07-10
0.004627911749823799,2025-07-11
0.002640892077809154,2025-07-14
0.015981229977162892,2025-07-15
-0.0029426199436527467,2025-07-16
-0.0007672212736733464,2025-07-17
0.013335712261893784,2025-07-18
0.006786545360308649,2025-07-21
0.005436821129952252,2025-07-22
0.016237188218309884,2025-07-23
0.005055565021951036,2025-07-24
-0.010863292403753722,2025-07-25
0.006844921102544976,2025-07-28
-0.001474119698091636,2025-07-29
-0.013615162790455604,2025-07-30
-0.01603053328521553,2025-07-31
-0.01071795880540316,2025-08-01
0.009206806599203476,2025-08-04
0.006836089727300321,2025-08-05
0.00032533090929920405,2025-08-06
0.00686453911847229,2025-08-07
-0.008883415441532927,2025-08-08
0.0019305113344767477,2025-08-11
0.0025241746833333245,2025-08-12
0.025790888887428753,2025-08-13
-0.0036835646614787887,2025-08-14
-0.009767109662317752,2025-08-15
-0.0036889768003094403,2025-08-18
-0.0021428105417093946,2025-08-19
0.0017131406736803356,2025-08-20
-0.002437027166787731,2025-08-21
0.009342158903836717,2025-08-22
0.01936804165985806,2025-08-25
-0.011807638219802463,2025-08-26
-0.012660574733989627,2025-08-27
-0.008052590573528473,2025-08-28
0.0031521018648068555,2025-08-29
0.021525200547269696,2025-09-01
-0.004718240205048407,2025-09-02
-0.0060055611076069715,2025-09-03
-0.011242358488501192,2025-09-04
0.014345254625561132,2025-09-05
0.008495155142851374,2025-09-08
0.011867900810708987,2025-09-09
0.010105928899470262,2025-09-10
-0.0043487909717021545,2025-09-11
0.011570809532893911,2025-09-12
0.002213128550046628,2025-09-15
-0.00030441694812188835,2025-09-16
0.01777259246230023,2025-09-17
-0.013510321768825606,2025-09-18
9.418022843599161e-06,2025-09-19
-0.007570473922954402,2025-09-22
-0.007023249951809696,2025-09-23
0.01374401210022591,2025-09-24
-0.0012810117643471397,2025-09-25
-0.013459874650409653,2025-09-26
0.018932863933079913,2025-09-29
0.008739838814929124,2025-09-30
0.01606961779839744,2025-10-02
-0.00535781069436303,2025-10-03
-0.0067481275930292295,2025-10-06
-0.004759614611337226,2025-10-08
-0.0028651747394058402,2025-10-09
-0.01727943103639351,2025-10-10
-0.015246670218750258,2025-10-13
-0.01730938015214012,2025-10-14
0.018444383148096932,2025-10-15
-0.0008525408166165649,2025-10-16
-0.024775862421469674,2025-10-17
0.024229732453023844,2025-10-20
0.006524684319254126,2025-10-21
-0.009443118642460169,2025-10-22
0.007222581726762156,2025-10-23
0.007400264418184532,2025-10-24
0.010456699370620992,2025-10-27
-0.003312385187764111,2025-10-28
-0.0024083668563884553,2025-10-30
-0.014307480334943001,2025-10-31
0.009715998810331916,2025-11-03
-0.007873543650900316,2025-11-04
-0.0006546690910771424,2025-11-05
0.02122543006100641,2025-11-06
-0.009215103466385877,2025-11-07
0.015518371528876918,2025-11-10
0.0017767834363884294,2025-11-11
0.008477556015036525,2025-11-12
0.005582599740373784,2025-11-13
-0.018489558515447646,2025-11-14
-0.007081829608014623,2025-11-17
-0.01721669160975725,2025-11-18
-0.0038325797904893433,2025-11-19
0.0001904683699636145,2025-11-20
-0.023825709043944654,2025-11-21
0.01968596686195312,2025-11-24
0.0069236008496491586,2025-11-25
0.001294839874159015,2025-11-26
0.0006884277324512578,2025-11-27
-0.003354632635959587,2025-11-28
0.006743102136656409,2025-12-01
0.0023735412384502386,2025-12-02
-0.012811636785172276,2025-12-03
0.006799881784699258,2025-12-04
0.005751860751050941,2025-12-05
-0.012256841925247453,2025-12-08
-0.012851709205007,2025-12-09
0.004189190164644918,2025-12-10
-0.00040208370819982964,2025-12-11
0.017480234471302314,2025-12-12
-0.013393041083250679,2025-12-15
-0.015352629140693352,2025-12-16
0.009247685659953486,2025-12-17
0.0011524526620558806,2025-12-18
0.007545589853668044,2025-12-19
0.004330009440036475,2025-12-22
-0.0010708143957544047,2025-12-23
0.0017377519255310503,2025-12-24
-0.007114904489589957,2025-12-29
0.008557330541358654,2025-12-30
